CREATE DATABASE QTBDV
GO
USE QTBDV
CREATE TABLE LE_TAN
(
	MALT CHAR(4) CONSTRAINT PK_LT PRIMARY KEY,
	CONSTRAINT CK_MALT CHECK (MALT LIKE 'LT__'),
	TENLT NVARCHAR(100) NOT NULL,
	SDT CHAR(10) CONSTRAINT CHK_SDT CHECK (LEN(SDT)=10),
	NGAYSINH DATETIME CONSTRAINT CHK_NGSINH CHECK (DATEDIFF(YEAR, NGAYSINH, GETDATE())>=18),
	DIACHI NVARCHAR(100) NOT NULL
)
CREATE TABLE PHONG
(
	MAPHG CHAR(3) CONSTRAINT PK_P PRIMARY KEY,
	SOPHONG CHAR(1) CONSTRAINT CHK_SP CHECK(SOPHONG>=1),
	SOGIUONG CHAR(1) CONSTRAINT CHK_SG CHECK(SOGIUONG>=1 AND SOGIUONG<=4)
)
CREATE TABLE DICH_VU
(
	MADV VARCHAR(10) CONSTRAINT PK_DV PRIMARY KEY,
	TENDV NVARCHAR(100) NOT NULL,
	THOILUONG INT NOT NULL CONSTRAINT CHK_TLUONG CHECK(THOILUONG>=30 AND THOILUONG<=120),
	DONGIA MONEY NOT NULL CONSTRAINT CHK_DONGIA CHECK(DONGIA>0)
)
CREATE TABLE PTTHANHTOAN
(
	MATHANHTOAN CHAR(4) CONSTRAINT PK_PTTT PRIMARY KEY,
	CONSTRAINT CK_MTT CHECK (MATHANHTOAN LIKE 'TT__'),
	PHUONGTHUC NVARCHAR(50) NOT NULL,
	CONSTRAINT CK_PTHUC CHECK(PHUONGTHUC IN ('CASH', 'CARD','BANK', 'APPLE PAY','KLOOK'))
)
CREATE TABLE KHACH_HANG
(
	MAKH VARCHAR(100) CONSTRAINT PK_KH PRIMARY KEY,
	TENKH NVARCHAR(100) NOT NULL,
	MAGIAMGIA VARCHAR(10),
	PTDATHEN NVARCHAR(100) CONSTRAINT CK_PTDATHEN CHECK (PTDATHEN IN ('WHATSAPP', 'LINE', 'ZALO', 'FB', 'KAKAO', 'WECHAT', 'WALK', 'ĐỐI TÁC')),
	LIENHE TEXT
)
CREATE TABLE HOA_DON
(
	MAHD VARCHAR(100) CONSTRAINT PK_HD PRIMARY KEY,
	TONGPHU MONEY CONSTRAINT CHK_TONGPHU CHECK(TONGPHU>0),
	TONG MONEY CONSTRAINT CHK_TONG CHECK(TONG>=0),
	NGAYNHAP DATETIME NOT NULL CONSTRAINT CHK_NGAYGIO CHECK ((GETDATE()>=NGAYNHAP)),
	MALT CHAR(4) NOT NULL CONSTRAINT FK_HD_LT FOREIGN KEY(MALT) REFERENCES LE_TAN(MALT), 
	MAKH VARCHAR(100) NOT NULL CONSTRAINT FK_HD_KH FOREIGN KEY(MAKH) REFERENCES KHACH_HANG(MAKH)
)
CREATE TABLE CTHD
(
	MAHD VARCHAR(100) NOT NULL,
	MADV VARCHAR(10) NOT NULL,
	MAPHG CHAR(3) NOT NULL,
	CHIETKHAU FLOAT,
	THANHTIEN MONEY CONSTRAINT CHK_TTIEN CHECK(THANHTIEN>=0),
	CONSTRAINT PK_CTHD PRIMARY KEY(MAHD, MADV, MAPHG),
	CONSTRAINT FK_HD_CTHD FOREIGN KEY(MAHD) REFERENCES HOA_DON(MAHD),
	CONSTRAINT FK_DV_CTHD FOREIGN KEY(MADV) REFERENCES DICH_VU(MADV),
	CONSTRAINT FK_P_CTHD FOREIGN KEY(MAPHG) REFERENCES PHONG(MAPHG)
)
CREATE TABLE CTTT
(
	MAHD VARCHAR(100) NOT NULL,
	MATHANHTOAN CHAR(4) NOT NULL,
	SOTIEN MONEY CONSTRAINT CHK_SOTIEN CHECK(SOTIEN>0),
	CONSTRAINT PK_CTTT PRIMARY KEY(MAHD, MATHANHTOAN),
	CONSTRAINT FK_HD_CTTT FOREIGN KEY(MAHD) REFERENCES HOA_DON(MAHD),
	CONSTRAINT FK_PTTT_CTTT FOREIGN KEY(MATHANHTOAN) REFERENCES PTTHANHTOAN(MATHANHTOAN)
)
insert into LE_TAN values
('LT01',N'Nguyễn Ngọc Như','0327123456','2000/1/2',N'81 Ngũ Hành Sơn, Mỹ An, Ngũ Hành Sơn, Đà Nẵng'),
('LT02',N'Ngô Thanh Huyền','0327123741','1995/10/2', N'102 Nguyễn Văn Linh, Bình Hiên, Hải Châu, Đà Nẵng'),
('LT03',N'Trần Bảo Trân','0812323456','2000/1/30', N'56 Phạm Văn Đồng, Mỹ An, Ngũ Hành Sơn, Đà Nẵng'),
('LT04',N'Nguyễn Lê Na','0327123012','2001/7/28', N'20 Lê Duẩn, Thạch Thang, Hải Châu, Đà Nẵng'),
('LT05',N'Bùi Thái Bảo Châu','0812323456','2003/10/2', N'118 Trần Phú, Hải Châu 1, Hải Châu, Đà Nẵng'),
('LT06',N'Bùi Ngọc Hiền','0327363456','1996/2/15', N'12 Nguyễn Tất Thành, Hòa Minh, Liên Chiểu, Đà Nẵng'),
('LT07',N'Trịnh Phương An','0327127856','2005/3/20', N'34 Cách Mạng Tháng 8, Hòa Cường Bắc, Hải Châu, Đà Nẵng'),
('LT08',N'Nguyễn Thanh Thủy','0398123456','2000/10/22',N'76 Nguyễn Hữu Thọ, Khuê Trung, Cẩm Lệ, Đà Nẵng'),
('LT09',N'Dương Ngọc Anh','0877123456','2002/11/2', N'8 Võ Nguyên Giáp, Mỹ An, Ngũ Hành Sơn, Đà Nẵng'),
('LT10',N'Phạm Bảo Anh','0987123456','1999/1/20', N'1122 Ngô Quyền, An Hải Bắc, Sơn Trà, Đà Nẵng')
insert into PHONG(MAPHG) values
('1/1'),
('1/2'),
('1/3'),
('2/1'),
('2/2'),
('3/1'),
('3/2'),
('4/1'),
('4/2'),
('5/1'),
('5/2')
insert into PTTHANHTOAN values
('TT01', 'CASH'),
('TT02', 'CARD'),
('TT03', 'BANK'),
('TT04', 'APPLE PAY'),
('TT05', 'KLOOK')
insert into KHACH_HANG values
('001',N'Huyền','dis10','FB','https://www.facebook.com/huyen.nt'),
('002',N'Hiền Như','dis20','ZALO','https://www.zalo.com/hiennhu.pt'),
('003','James','dis5','WHATSAPP','https://www.whatsapp.com/james.wren'),
('004','Megumi',NULL,'Line','https://www.line.com/kd.megumi'),
('005','Min Soo','dis30','Kakao','https://www.kakaotalk.com/kim.minsoo'),
('006',N'Thúy An',NULL,'FB','https://www.facebook.com/anthuy.nguyen'),
('007','Min Jeong','dis10','Kakao','https://www.kakaotalk.com/minjeong.kim'),
('008',N'Nguyên Anh',NULL,'FB','https://www.facebook.com/ct.nguyenanh'),
('009','Yoo Jimin','dis20','Kakao','https://www.kakaotalk.com/jimin.yoo'),
('010','Giselle','dis15','Kakao','https://www.kakaotalk.com/giselle.kim'),
('011','Ningning','dis20','Kakao','https://www.kakaotalk.com/yz.ning')
insert into DICH_VU values
('H90',N'Massage toàn thân kiểu Herbal',90,750000),
('H60',N'Massage toàn thân kiểu Herbal',60,550000),
('4H90',N'Massage bốn tay',90,1200000),
('FO-FA',N'Liệu trình dưỡng nhan',110,950000),
('BC1120',N'Miêu dao',120,1000000),
('FACECS',N'Chăm sóc da mặt chuyên sâu',70,600000),
('SHI120',N'Massage ấn huyệt kiểu Nhật',120,1150000),
('CUP30',N'Giác hơi 30 phút',30,350000)
insert into HOA_DON(MAHD,NGAYNHAP,MALT,MAKH) values
('INVOICE 1', '2024-09-23 23:45:55','LT01','001'),
('INVOICE 2', '2024-09-21 13:10:35', 'LT04','002'),
('INVOICE 3', '2024-09-15 19:45:10', 'LT02','003'),
('INVOICE 4', '2024-09-17 10:15:20', 'LT03','004'),
('INVOICE 5', '2024-09-25 12:07:55','LT07','005'),
('INVOICE 6', '2024-10-05 20:30:27', 'LT09','011'),
('INVOICE 7', '2024-11-21 14:07:52','LT10','009')
insert into CTHD(MAHD,MADV,MAPHG) values
('INVOICE 1', 'H90', '5/1'),
('INVOICE 2', 'H60', '1/1'),
('INVOICE 3', '4H90', '4/2'),
('INVOICE 4', 'FO-FA', '3/1'),
('INVOICE 5', 'BC1120', '5/2'),
('INVOICE 5', 'FACECS', '2/1'),
('INVOICE 6', 'SHI120', '3/2'),
('INVOICE 7', 'CUP30', '4/1')
insert into CTTT(MAHD,MATHANHTOAN) VALUES
('INVOICE 1', 'TT01'),
('INVOICE 2', 'TT05'),
('INVOICE 3', 'TT03'),
('INVOICE 4', 'TT01'),
('INVOICE 6', 'TT04'),
('INVOICE 7', 'TT02')
INSERT INTO CTTT(MAHD,MATHANHTOAN,SOTIEN) VALUES
('INVOICE 5','TT01', 400000),
('INVOICE 5','TT03', 720000)
-- CẬP NHẬT CHIETKHAU CỦA BẢNG CTHD
UPDATE CTHD
SET CTHD.CHIETKHAU = CASE 
     WHEN KH.MAGIAMGIA LIKE 'DIS%' 
     THEN CAST(SUBSTRING(KH.MAGIAMGIA, 4, LEN(KH.MAGIAMGIA) - 3) AS INT)
     ELSE 0 
END
FROM CTHD
JOIN HOA_DON HD ON HD.MAHD = CTHD.MAHD
JOIN KHACH_HANG KH ON KH.MAKH = HD.MAKH
-- CẬP NHẬT THANHTIEN CỦA BẢNG CTHD
UPDATE CTHD SET THANHTIEN = CASE
	WHEN CHIETKHAU =0 THEN DONGIA
	WHEN CHIETKHAU >0 THEN DONGIA*(1-(CHIETKHAU/100))
END
FROM CTHD
JOIN DICH_VU DV ON DV.MADV=CTHD.MADV
JOIN HOA_DON HD ON HD.MAHD=CTHD.MAHD
-- CẬP NHẬT TONGPHU CỦA BẢNG HOA_DON
UPDATE HD
SET HD.TONGPHU = (
					SELECT SUM(DV.DONGIA)
					FROM CTHD
					JOIN DICH_VU DV ON CTHD.MADV = DV.MADV
					WHERE CTHD.MAHD = HD.MAHD)
FROM HOA_DON HD
-- CẬP NHẬT TONG CỦA BẢNG HOA_DON
UPDATE HD
SET HD.TONG = (
				SELECT SUM(CTHD.THANHTIEN)
				FROM CTHD
				JOIN DICH_VU DV ON CTHD.MADV = DV.MADV
				WHERE CTHD.MAHD = HD.MAHD)
FROM HOA_DON HD
-- CẬP NHẬT SOPHONG TRONG BẢNG PHONG
UPDATE PHONG
SET SOPHONG = SUBSTRING(MAPHG, 1, 1)
-- CẬP NHẬT SOGIUONG TRONG BẢNG PHONG
UPDATE PHONG
SET SOGIUONG = SUBSTRING(MAPHG, 3, 1)
--CẬP NHẬT SOTIEN CHO BẢNG CTTT
UPDATE CTTT
SET CTTT.SOTIEN = HD.TONG
FROM HOA_DON HD
JOIN CTTT ON CTTT.MAHD = HD.MAHD
WHERE (
    SELECT COUNT(*)
    FROM CTTT
    WHERE CTTT.MAHD = HD.MAHD
) = 1